期号,红球,蓝球
2012009,"04,16,24,26,27,33",11
2012010,"01,03,13,19,25,26",10
2012011,"04,14,15,16,20,26",5
2012012,"15,17,18,20,23,27",1
2012013,"06,08,24,29,30,32",13
2012014,"01,02,05,16,28,30",12
2012015,"01,03,06,10,21,23",15
2012016,"02,05,12,17,22,25",8
2012017,"06,09,14,19,25,28",10
2012018,"03,05,06,22,26,32",15
2012019,"07,14,18,20,22,30",16
2012020,"03,08,12,18,23,29",11
2012021,"01,15,16,18,22,30",3
2012022,"04,08,12,24,26,27",4
2012023,"05,09,15,23,24,33",2
2012024,"04,12,19,21,25,28",13
2012025,"03,08,09,17,25,27",6
2012026,"03,07,09,15,24,25",16
2012027,"04,16,22,25,30,31",12
2012028,"10,15,20,21,28,30",11
2012029,"04,07,15,25,26,28",3
2012030,"09,10,17,18,21,31",8
2012031,"04,16,22,24,27,31",3
2012032,"01,02,10,17,22,24",4
2012033,"02,03,15,16,17,27",4
2012034,"02,03,08,23,32,33",16
2012035,"09,11,12,21,24,26",5
2012036,"02,11,13,18,19,26",9
2012037,"05,14,19,24,28,33",9
2012038,"09,10,11,15,19,33",16
2012039,"01,02,05,13,22,29",8
2012040,"03,08,09,22,25,31",10
2012041,"08,11,15,20,24,32",2
2012042,"05,06,11,19,24,28",16
2012043,"02,09,11,21,26,33",3
2012044,"06,09,10,14,22,25",3
2012045,"08,11,20,21,27,30",9
2012046,"04,12,19,20,23,33",6
2012047,"06,07,11,16,32,33",11
2012048,"01,05,14,22,24,30",10
2012049,"04,12,13,19,20,32",2
2012050,"07,13,15,17,19,24",11
2012051,"02,12,14,17,30,31",9
2012052,"02,03,05,06,20,24",4
2012053,"04,15,22,25,27,33",4
2012054,"06,14,18,20,30,33",14
2012055,"04,06,13,20,24,28",1
2012056,"04,07,14,17,26,31",10
2012057,"03,05,19,21,27,31",4
2012058,"03,06,15,20,25,26",4
2012059,"04,13,21,22,26,31",1
2012060,"07,10,13,16,17,29",1
2012061,"03,08,11,12,14,18",14
2012062,"02,13,16,17,20,31",7
2012063,"02,10,17,19,24,27",12
2012064,"05,10,11,16,23,24",11
2012065,"08,10,18,19,27,31",14
2012066,"01,02,09,26,29,33",12
2012067,"04,05,10,21,26,30",16
2012068,"05,17,22,26,32,33",10
2012069,"08,10,11,18,20,29",6
2012070,"02,03,04,24,31,32",11
2012071,"03,04,19,21,22,23",8
2012072,"02,03,07,09,13,30",6
2012073,"04,07,09,10,17,27",5
2012074,"15,16,18,19,28,32",8
2012075,"04,06,22,23,29,32",11
2012076,"11,18,22,27,29,30",15
2012077,"02,04,13,18,26,28",12
2012078,"08,15,22,24,28,33",12
2012079,"06,07,12,24,30,33",12
2012080,"04,09,14,15,16,27",3
2012081,"02,05,10,24,25,29",6
2012082,"02,04,11,18,22,29",6
2012083,"04,09,14,15,26,33",4
2012084,"02,10,20,26,28,29",14
2012085,"05,17,24,30,31,33",5
2012086,"08,09,13,15,22,23",8
2012087,"03,10,11,13,14,22",9
2012088,"03,05,23,24,27,31",15
2012089,"03,07,10,13,14,25",11
2012090,"02,13,20,25,29,30",11
2012091,"01,05,07,08,19,21",16
2012092,"06,13,17,18,28,32",3
2012093,"03,05,19,21,24,33",13
2012094,"06,09,14,16,23,33",15
2012095,"17,24,27,28,29,30",2
2012096,"04,07,11,16,29,33",7
2012097,"05,08,13,14,19,22",6
2012098,"02,12,19,26,29,31",9
2012099,"08,12,15,16,21,27",16
2012100,"05,07,15,18,25,33",10
2012101,"09,12,17,18,20,33",2
2012102,"13,25,27,28,29,30",15
2012103,"04,09,11,14,32,33",2
2012104,"04,05,09,10,19,28",3
2012105,"06,13,14,15,17,30",4
2012106,"13,14,20,22,23,32",16
2012107,"11,12,15,24,25,31",9
2012108,"01,09,12,13,19,28",13
2012109,"02,12,24,26,29,31",3
2012110,"03,07,10,13,22,32",9
2012111,"02,09,10,20,22,31",13
2012112,"08,15,20,21,27,31",6
2012113,"03,06,09,13,18,32",6
2012114,"01,06,11,26,27,29",15
2012115,"03,08,20,24,26,32",14
2012116,"03,21,26,29,31,32",3
2012117,"13,15,18,20,24,28",9
2012118,"05,06,07,12,15,28",11
2012119,"12,20,25,26,27,28",13
2012120,"01,04,20,24,28,29",16
2012121,"01,07,08,20,23,24",11
2012122,"12,13,19,22,28,29",11
2012123,"08,10,16,25,28,33",9
2012124,"06,07,21,25,27,33",11
2012125,"08,12,13,26,29,33",1
2012126,"03,05,12,15,23,24",7
2012127,"01,09,11,21,26,32",8
2012128,"05,09,12,29,30,31",5
2012129,"01,07,09,17,21,29",1
2012130,"01,03,15,20,22,31",3
2012131,"06,18,19,26,28,32",12
2012132,"07,12,16,17,21,25",10
2012133,"01,08,11,20,21,29",2
2012134,"02,05,06,07,13,23",15
2012135,"02,05,07,08,11,17",16
2012136,"02,07,08,17,21,28",11
2012137,"01,02,04,06,13,17",7
2012138,"01,07,16,17,19,21",14
2012139,"08,19,21,24,28,31",15
2012140,"14,18,27,30,31,33",15
2012141,"03,05,08,19,20,27",9
2012142,"05,18,22,28,29,31",6
2012143,"07,08,18,25,30,32",6
2012144,"03,10,12,13,27,30",4
2012145,"05,20,26,27,28,33",3
2012146,"01,05,07,13,29,32",13
2012147,"02,12,15,23,24,32",9
2012148,"03,06,11,17,21,31",7
2012149,"01,05,13,25,26,32",13
2012150,"09,11,17,23,24,26",7
2012151,"05,14,24,25,26,32",1
2012152,"10,12,18,22,28,29",7
2012153,"04,05,11,21,27,28",10
2012154,"05,07,12,16,28,32",4
2013001,"06,08,14,15,24,25",6
2013002,"01,16,18,22,28,30",12
2013003,"22,23,26,27,28,33",9
2013004,"06,10,16,20,27,32",8
2013005,"01,13,14,25,31,32",12
2013006,"09,10,13,17,22,30",13
2013007,"02,09,15,22,26,32",1
2013008,"03,08,17,21,25,32",15
2013009,"01,04,09,13,16,23",2
2013010,"01,09,11,17,32,33",12
2013011,"03,12,17,24,27,29",9
2013012,"06,14,17,22,28,29",2
2013013,"05,06,13,19,22,28",9
2013014,"02,04,05,17,19,20",8
2013015,"05,06,07,11,13,18",15
2013016,"02,05,06,12,14,28",5
2013017,"04,06,12,30,31,32",9
2013018,"02,08,13,28,29,30",5
2013019,"01,02,05,16,20,26",6
2013020,"01,07,08,12,16,21",1
2013021,"01,06,17,19,26,31",11
2013022,"02,04,07,09,15,20",7
2013023,"03,06,15,18,30,32",5
2013024,"04,05,13,23,27,30",9
2013025,"16,17,18,24,25,30",8
2013026,"04,11,14,15,22,31",11
2013027,"01,02,04,12,21,24",12
2013028,"07,08,14,25,26,28",13
2013029,"06,07,10,19,23,29",12
2013030,"07,14,18,25,26,29",6
2013031,"03,13,14,15,21,33",3
2013032,"04,21,25,29,30,33",3
2013033,"05,06,13,17,19,28",1
2013034,"06,15,20,22,26,33",9
2013035,"01,14,15,17,26,30",2
2013036,"04,05,09,27,29,31",13
2013037,"02,15,18,27,28,32",14
2013038,"09,10,12,14,15,19",11
2013039,"01,02,14,15,24,29",6
2013040,"02,04,10,12,17,30",10
2013041,"02,10,12,17,23,24",5
2013042,"01,08,12,13,15,33",3
2013043,"03,06,14,15,17,25",16
2013044,"03,05,11,18,26,28",6
2013045,"06,07,08,14,23,31",12
2013046,"03,16,19,20,24,26",6
2013047,"01,08,11,17,27,30",12
2013048,"10,13,17,28,30,32",4
2013049,"10,13,14,16,21,32",14
2013050,"03,07,13,18,22,25",3
2013051,"08,12,15,19,28,29",2
2013052,"06,07,14,21,22,24",13
2013053,"03,12,13,22,30,33",14
2013054,"03,04,08,14,21,28",14
2013055,"08,18,19,22,27,32",6
2013056,"03,12,25,26,28,29",16
2013057,"13,16,19,23,26,28",5
2013058,"08,11,17,21,23,24",5
2013059,"03,10,18,24,27,29",9
2013060,"05,07,10,13,19,20",15
2013061,"05,06,07,12,13,18",12
2013062,"01,06,07,19,22,27",2
2013063,"10,15,18,20,23,31",12
2013064,"01,09,13,22,25,32",12
2013065,"07,18,19,23,29,30",2
2013066,"01,03,16,17,20,32",7
2013067,"01,04,09,15,22,30",6
2013068,"02,07,13,20,25,27",6
2013069,"07,16,17,18,30,33",6
2013070,"02,03,09,10,28,30",6
2013071,"05,12,21,23,26,28",9
2013072,"02,08,11,14,19,33",9
2013073,"02,09,13,17,20,28",11
2013074,"03,06,08,14,19,32",3
2013075,"04,06,09,25,30,33",14
2013076,"14,23,24,26,29,30",3
2013077,"09,14,23,24,26,29",3
2013078,"03,05,17,18,26,27",15
2013079,"07,13,17,19,22,26",13
2013080,"10,11,12,23,28,32",16
2013081,"01,04,10,13,21,31",13
2013082,"04,13,14,20,22,30",6
2013083,"05,06,12,14,19,23",9
2013084,"05,07,09,11,20,21",3
2013085,"02,08,12,14,16,32",16
2013086,"02,04,11,13,16,26",11
2013087,"02,13,19,23,24,28",5
2013088,"09,15,20,21,22,24",14
2013089,"04,08,12,19,21,25",13
2013090,"02,05,11,23,24,29",8
2013091,"04,14,24,25,28,31",10
2013092,"07,11,15,21,26,31",6
2013093,"01,02,08,26,29,31",14
2013094,"02,04,14,18,20,22",7
2013095,"01,06,15,19,28,29",10
2013096,"01,02,22,28,29,30",15
2013097,"05,14,17,22,23,25",7
2013098,"07,15,18,19,20,26",14
2013099,"05,11,20,21,26,31",3
2013100,"04,08,11,14,16,20",11
2013101,"05,07,09,23,27,32",1
2013102,"02,04,05,06,08,16",3
2013103,"02,04,09,13,18,20",7
2013104,"01,02,04,15,17,28",11
2013105,"01,11,23,27,31,32",9
2013106,"09,11,23,30,31,32",6
2013107,"07,09,11,17,28,31",11
2013108,"16,21,22,28,31,32",5
2013109,"09,23,24,27,29,32",8
2013110,"15,17,18,21,29,32",13
2013111,"01,02,03,06,08,33",13
2013112,"01,06,12,13,22,31",7
2013113,"04,07,11,17,24,33",9
2013114,"04,06,17,21,23,33",7
2013115,"03,12,16,17,18,27",8
2013116,"12,15,21,26,32,33",7
2013117,"09,12,13,24,27,33",16
2013118,"02,03,17,22,32,33",16
2013119,"05,15,20,22,26,32",9
2013120,"05,06,13,18,23,31",11
2013121,"04,05,06,07,25,27",7
2013122,"07,10,13,15,26,27",11
2013123,"01,02,06,11,17,25",2
2013124,"03,09,15,23,25,30",7
2013125,"04,06,08,18,25,28",16
2013126,"04,10,19,27,31,33",16
2013127,"02,03,13,20,22,33",14
2013128,"07,13,17,19,25,31",8
2013129,"05,06,10,14,27,31",14
2013130,"01,03,15,16,31,33",8
2013131,"04,06,12,17,19,26",9
2013132,"20,21,22,23,25,27",12
2013133,"04,07,12,19,22,25",1
2013134,"01,17,18,19,25,29",10
2013135,"09,23,24,25,29,31",12
2013136,"04,06,14,16,18,26",6
2013137,"04,17,19,23,24,27",10
2013138,"04,15,16,24,27,28",3
2013139,"07,08,11,13,21,27",8
2013140,"01,05,12,13,21,22",10
2013141,"03,04,05,25,30,31",4
2013142,"11,12,14,20,22,29",14
2013143,"12,18,21,22,27,32",11
2013144,"05,07,12,19,27,31",2
2013145,"06,10,13,16,23,24",15
2013146,"08,20,25,30,32,33",1
2013147,"02,15,16,17,19,30",8
2013148,"06,11,12,14,17,22",1
2013149,"09,18,25,26,30,32",11
2013150,"01,15,16,25,26,29",10
2013151,"03,09,10,19,28,33",9
2013152,"04,06,14,16,18,29",5
2013153,"08,11,13,18,28,33",10
2013154,"07,11,14,19,24,29",5
2014001,"03,09,15,20,27,29",1
2014002,"04,21,23,31,32,33",4
2014003,"06,10,11,28,30,33",12
2014004,"01,04,19,22,24,25",15
2014005,"15,18,23,27,32,33",4
2014006,"03,04,07,17,21,27",14
2014007,"08,10,12,14,18,28",14
2014008,"05,14,16,21,29,30",12
2014009,"08,09,19,20,25,32",16
2014010,"05,07,08,20,31,33",11
2014011,"09,10,13,14,21,32",2
2014012,"01,08,11,19,21,24",8
2014013,"05,09,13,15,17,21",13
2014014,"04,09,19,22,25,29",15
2014015,"02,11,19,30,32,33",9
2014016,"02,03,07,13,21,24",8
2014017,"04,06,07,14,25,26",10
2014018,"13,17,18,21,30,33",15
2014019,"02,10,15,19,20,21",7
2014020,"09,14,17,23,24,25",15
2014021,"08,10,15,17,22,29",12
2014022,"04,06,07,10,21,26",16
2014023,"07,09,13,17,21,22",10
2014024,"08,10,16,20,23,30",9
2014025,"01,05,10,14,16,30",16
2014026,"01,02,05,06,11,23",14
2014027,"08,10,14,16,30,31",1
2014028,"06,16,21,27,30,32",5
2014029,"02,07,14,16,21,29",14
2014030,"12,18,19,23,24,30",10
2014031,"04,10,16,17,21,27",14
2014032,"01,02,14,22,29,33",7
2014033,"05,13,23,28,32,33",12
2014034,"01,03,04,08,25,31",6
2014035,"07,08,09,17,32,33",6
2014036,"01,07,08,09,11,22",3
2014037,"06,13,14,24,25,30",7
2014038,"04,07,22,23,24,33",16
2014039,"03,11,15,19,20,31",7
2014040,"03,04,06,11,12,15",8
2014041,"07,11,16,18,21,22",2
2014042,"12,15,20,25,28,33",14
2014043,"02,05,09,14,24,33",9
2014044,"04,09,21,27,28,33",12
2014045,"02,04,09,11,19,22",15
2014046,"02,10,11,17,18,22",10
2014047,"08,10,11,12,19,29",15
2014048,"06,09,16,17,24,25",16
2014049,"06,07,16,17,23,32",6
2014050,"03,17,23,25,26,32",13
2014051,"10,16,19,21,23,24",13
2014052,"09,13,15,28,30,33",8
2014053,"14,17,19,22,26,31",2
2014054,"01,04,05,11,29,30",14
2014055,"02,09,14,19,21,30",4
2014056,"01,11,18,20,28,29",1
2014057,"02,04,12,18,23,31",8
2014058,"02,03,12,13,14,25",11
2014059,"05,08,12,13,23,25",13
2014060,"03,05,14,18,25,33",6
2014061,"02,14,17,27,28,31",8
2014062,"06,09,15,24,25,26",9
2014063,"03,08,17,21,22,31",16
2014064,"02,09,15,16,29,32",14
2014065,"03,04,05,08,10,22",6
2014066,"02,05,15,17,18,21",16
2014067,"01,06,07,17,18,23",6
2014068,"04,12,13,22,27,29",16
2014069,"05,12,17,19,25,30",11
2014070,"01,07,09,19,28,29",7
2014071,"02,04,12,17,22,25",14
2014072,"01,03,07,13,19,32",16
2014073,"01,12,16,20,30,33",2
2014074,"01,03,06,13,30,31",12
2014075,"03,09,11,22,27,29",6
2014076,"06,10,12,17,18,33",11
2014077,"08,09,12,15,19,22",10
2014078,"02,03,05,06,09,17",7
2014079,"02,07,16,22,27,28",2
2014080,"05,14,16,17,25,30",7
2014081,"08,14,22,24,27,29",10
2014082,"02,04,20,25,26,29",11
2014083,"05,06,19,21,23,33",12
2014084,"01,06,09,10,13,25",8
2014085,"01,02,11,19,23,29",8
2014086,"02,04,10,12,14,30",8
2014087,"06,18,22,23,32,33",6
2014088,"03,06,11,14,16,29",15
2014089,"04,06,14,17,27,30",9
2014090,"05,09,11,19,24,32",13
2014091,"01,05,12,19,27,29",14
2014092,"03,13,18,19,22,26",7
2014093,"02,08,09,10,20,29",5
2014094,"01,10,18,20,23,29",1
2014095,"05,06,08,14,22,31",8
2014096,"12,14,17,19,22,24",8
2014097,"07,13,24,25,27,32",15
2014098,"02,13,17,20,29,31",7
2014099,"01,05,10,11,13,32",14
2014100,"01,06,09,10,14,16",11
2014101,"16,18,20,23,24,32",7
2014102,"14,16,21,24,28,31",13
2014103,"03,08,09,10,18,33",4
2014104,"02,06,12,19,27,28",13
2014105,"14,16,17,19,27,32",4
2014106,"09,14,17,18,21,25",15
2014107,"11,14,17,22,25,27",16
2014108,"03,08,09,20,23,28",2
2014109,"02,05,11,15,19,28",2
2014110,"01,08,11,13,19,30",6
2014111,"02,08,17,20,22,28",2
2014112,"01,15,16,21,24,30",3
2014113,"12,14,28,31,32,33",7
2014114,"02,07,23,30,32,33",10
2014115,"01,09,10,11,13,32",3
2014116,"09,10,14,15,19,29",16
2014117,"05,10,17,25,28,29",4
2014118,"05,07,15,18,26,30",3
2014119,"06,13,17,20,26,29",9
2014120,"01,07,12,16,23,28",4
2014121,"01,02,13,22,28,30",9
2014122,"06,09,11,16,20,29",11
2014123,"01,06,11,17,28,33",5
2014124,"02,17,20,24,31,33",4
2014125,"10,11,15,26,31,32",6
2014126,"06,11,16,17,22,27",1
2014127,"02,10,12,21,23,27",12
2014128,"05,07,08,17,18,24",14
2014129,"05,08,09,20,28,32",2
2014130,"01,02,10,24,30,33",10
2014131,"05,17,21,22,28,32",14
2014132,"05,06,14,15,18,33",8
2014133,"13,14,16,23,30,31",13
2014134,"05,16,22,23,26,28",2
2014135,"02,04,11,13,25,33",1
2014136,"03,16,19,27,31,32",10
2014137,"03,06,09,11,25,29",9
2014138,"04,06,13,29,31,33",13
2014139,"01,14,15,20,25,29",11
2014140,"06,10,11,14,17,33",6
2014141,"08,09,11,16,21,24",10
2014142,"06,21,22,23,25,28",13
2014143,"03,12,18,20,25,26",16
2014144,"03,05,06,09,10,27",14
2014145,"10,12,13,23,26,29",11
2014146,"01,06,13,20,29,32",1
2014147,"06,07,22,26,31,32",10
2014148,"01,02,05,12,15,16",13
2014149,"07,09,10,15,19,33",1
2014150,"03,08,14,22,24,32",9
2014151,"04,05,08,11,21,27",8
2014152,"08,13,15,20,21,25",12
2015001,"01,07,09,16,20,23",6
2015002,"07,15,16,25,28,32",5
2015003,"10,15,20,23,24,31",15
2015004,"02,14,15,16,23,24",10
2015005,"07,10,16,17,18,32",15
2015006,"01,10,11,29,31,33",13
2015007,"01,07,09,17,20,33",8
2015008,"04,07,10,16,20,22",3
2015009,"04,07,14,17,21,25",14
2015010,"01,02,03,08,21,31",9
2015011,"04,14,15,17,18,20",15
2015012,"03,05,22,23,29,31",6
2015013,"08,09,24,25,26,29",1
2015014,"02,12,16,19,27,30",11
2015015,"01,07,20,24,25,33",4
2015016,"02,06,10,15,17,31",13
2015017,"13,18,20,25,27,33",12
2015018,"06,09,12,14,28,29",9
2015019,"02,06,11,19,25,26",4
2015020,"01,04,07,19,22,23",4
2015021,"14,15,16,17,27,28",8
2015022,"04,07,10,16,23,25",10
2015023,"08,09,10,13,29,30",1
2015024,"09,11,16,18,23,24",10
2015025,"10,11,12,15,27,32",14
2015026,"02,13,17,21,22,33",13
2015027,"05,07,09,16,26,29",7
2015028,"04,07,10,26,27,28",14
2015029,"07,14,15,19,21,28",7
2015030,"08,11,14,15,16,26",7
2015031,"01,05,07,22,26,32",11
2015032,"11,14,16,18,29,32",16
2015033,"03,06,21,29,31,32",5
2015034,"12,13,17,18,20,27",13
2015035,"01,08,09,22,24,33",3
2015036,"04,06,16,17,26,33",3
2015037,"05,07,12,18,28,31",3
2015038,"05,06,11,12,14,33",14
2015039,"01,13,15,26,29,30",12
2015040,"13,16,18,27,30,32",16
2015041,"04,09,11,17,21,25",6
2015042,"09,10,19,21,23,32",8
2015043,"11,12,15,24,26,27",15
2015044,"02,03,04,13,14,16",2
2015045,"01,05,13,22,30,31",7
2015046,"05,07,10,14,23,31",1
2015047,"02,03,20,24,26,27",9
2015048,"13,16,17,22,25,27",10
2015049,"07,12,14,17,20,23",5
2015050,"03,09,12,16,17,31",4
2015051,"04,10,24,26,28,32",9
2015052,"02,04,11,16,25,26",12
2015053,"03,07,17,22,32,33",10
2015054,"01,02,07,10,22,26",7
2015055,"01,10,15,18,19,28",2
2015056,"01,07,08,16,18,20",14
2015057,"09,20,24,25,26,32",4
2015058,"02,09,10,18,19,20",15
2015059,"02,06,09,16,25,32",14
2015060,"01,03,18,27,31,32",13
2015061,"06,18,22,26,32,33",4
2015062,"09,14,15,18,21,26",16
2015063,"01,07,09,16,22,32",12
2015064,"11,12,14,17,23,27",1
2015065,"08,10,14,19,26,29",12
2015066,"05,08,11,17,24,28",16
2015067,"02,05,08,24,25,31",14
2015068,"06,15,18,21,26,27",10
2015069,"01,13,17,18,23,30",15
2015070,"01,07,13,19,21,29",15
2015071,"08,18,20,28,29,31",8
2015072,"01,03,05,20,21,31",5
2015073,"01,02,17,22,26,27",4
2015074,"04,07,21,25,26,29",8
2015075,"06,11,13,19,21,32",4
2015076,"01,09,10,19,23,27",9
2015077,"01,06,08,10,13,27",16
2015078,"03,07,20,22,26,29",2
2015079,"09,14,15,20,26,32",11
2015080,"14,17,25,27,28,30",2
2015081,"13,20,22,26,28,31",13
2015082,"02,08,09,14,28,30",7
2015083,"06,07,16,18,29,32",5
2015084,"15,18,20,22,28,29",15
2015085,"02,08,25,27,28,29",5
2015086,"05,06,08,16,18,22",12
2015087,"09,15,16,19,20,28",11
2015088,"02,12,20,24,29,31",9
2015089,"12,14,19,27,28,29",1
2015090,"10,12,14,22,25,33",15
2015091,"05,07,17,19,22,31",11
2015092,"09,15,19,21,26,27",1
2015093,"01,03,13,21,25,31",8
2015094,"01,04,06,13,16,17",10
2015095,"04,15,21,28,30,31",4
2015096,"06,16,17,23,24,31",7
2015097,"09,12,14,20,26,27",4
2015098,"06,09,13,26,27,33",1
2015099,"06,07,10,11,14,22",9
2015100,"02,03,11,17,19,21",8
2015101,"08,16,22,24,28,29",5
2015102,"07,09,12,14,21,23",6
2015103,"06,08,13,26,30,32",14
2015104,"09,18,21,23,25,26",1
2015105,"09,10,16,19,20,26",12
2015106,"01,03,04,23,31,32",13
2015107,"07,14,16,18,21,25",8
2015108,"02,12,19,22,24,27",15
2015109,"01,08,09,16,32,33",13
2015110,"05,07,16,17,22,23",4
2015111,"08,14,16,18,20,30",12
2015112,"01,03,10,19,20,27",11
2015113,"01,05,07,08,19,27",12
2015114,"04,07,09,13,21,26",1
2015115,"01,07,08,14,24,32",3
2015116,"04,06,15,23,26,28",11
2015117,"04,11,12,18,26,32",12
2015118,"01,04,11,21,23,31",12
2015119,"02,08,10,18,23,31",8
2015120,"16,21,24,26,27,29",16
2015121,"01,03,20,21,28,29",12
2015122,"05,07,11,16,22,25",7
2015123,"05,08,09,12,22,28",7
2015124,"02,03,05,12,18,27",1
2015125,"05,13,22,27,30,33",10
2015126,"10,11,15,20,23,29",12
2015127,"07,10,19,22,27,33",6
2015128,"01,03,08,11,22,28",6
2015129,"05,08,11,16,18,27",4
2015130,"06,14,15,16,17,22",10
2015131,"10,12,13,19,22,26",3
2015132,"03,05,11,28,30,33",1
2015133,"02,03,13,20,22,24",15
2015134,"02,05,14,19,27,31",4
2015135,"01,12,14,18,26,32",7
2015136,"02,05,12,23,28,29",1
2015137,"14,22,23,27,28,31",12
2015138,"01,02,08,16,19,24",11
2015139,"01,10,13,18,25,27",9
2015140,"06,20,28,29,30,31",12
2015141,"03,08,19,25,27,28",2
2015142,"13,17,19,20,22,25",11
2015143,"13,15,19,20,21,32",4
2015144,"01,04,07,15,28,32",16
2015145,"07,08,15,19,20,24",13
2015146,"16,17,21,28,30,32",15
2015147,"08,09,16,23,24,30",5
2015148,"09,13,14,22,26,27",7
2015149,"09,10,20,21,22,33",9
2015150,"01,03,08,11,29,31",13
2015151,"05,06,08,23,31,32",11
2015152,"11,18,19,21,29,32",12
2015153,"08,11,15,22,27,29",3
2015154,"07,09,11,15,18,25",7
2016001,"06,13,16,18,20,22",13
2016002,"09,14,17,20,24,30",16
2016003,"01,10,14,23,26,28",1
2016004,"08,10,17,22,25,33",12
2016005,"11,14,18,20,31,33",14
2016006,"13,16,18,20,28,31",12
2016007,"05,12,14,20,27,29",6
2016008,"02,15,24,29,32,33",2
2016009,"10,14,24,25,27,32",4
2016010,"02,04,12,14,19,25",6
2016011,"03,08,10,15,22,29",12
2016012,"07,12,14,16,27,32",15
2016013,"07,12,21,22,26,31",1
2016014,"02,08,10,18,20,27",7
2016015,"01,02,14,22,25,26",7
2016016,"01,20,22,24,25,26",16
2016017,"05,06,08,20,22,30",5
2016018,"12,13,14,17,21,25",4
2016019,"06,13,16,17,23,30",10
2016020,"01,02,10,12,22,24",10
2016021,"09,11,13,22,24,26",5
2016022,"04,09,19,22,23,30",7
2016023,"03,06,10,19,25,29",7
2016024,"02,05,07,14,18,31",13
2016025,"04,11,12,17,24,30",12
2016026,"04,09,12,28,30,33",1
2016027,"11,13,15,17,19,31",5
2016028,"06,08,12,21,25,29",1
2016029,"12,15,18,20,21,27",15
2016030,"10,14,19,22,25,29",12
2016031,"03,08,10,19,26,33",3
2016032,"08,12,14,15,21,27",15
2016033,"06,17,18,20,27,29",15
2016034,"03,15,21,22,23,28",15
2016035,"04,13,19,20,26,29",11
2016036,"03,04,07,09,20,22",3
2016037,"06,15,26,31,32,33",16
2016038,"03,12,13,22,28,29",3
2016039,"01,03,07,18,19,27",16
2016040,"03,13,19,20,23,26",3
2016041,"12,17,18,21,22,24",4
2016042,"07,14,17,23,26,31",9
2016043,"05,14,20,26,30,33",12
2016044,"01,03,10,12,18,30",1
2016045,"04,09,12,17,30,32",3
2016046,"07,20,25,26,27,30",14
2016047,"02,05,08,15,17,22",16
2016048,"03,08,13,14,15,30",4
2016049,"06,08,13,14,22,27",10
2016050,"09,12,24,28,29,30",2
2016051,"01,02,04,09,15,33",12
2016052,"01,06,13,19,24,28",16
2016053,"02,08,10,12,29,31",1
2016054,"06,11,16,19,28,32",4
2016055,"05,06,10,16,22,26",11
2016056,"03,04,08,11,16,18",14
2016057,"07,12,19,22,23,26",11
2016058,"03,05,18,20,24,32",11
2016059,"04,11,12,20,25,28",15
2016060,"04,05,22,26,29,32",8
2016061,"05,06,08,18,20,32",8
2016062,"12,13,15,18,19,21",9
2016063,"16,17,18,23,28,32",7
2016064,"03,12,14,17,19,26",3
2016065,"13,16,22,25,26,27",14
2016066,"03,07,13,18,19,20",5
2016067,"09,13,18,20,27,31",4
2016068,"08,19,23,28,31,32",1
2016069,"08,10,11,20,21,27",11
2016070,"03,06,11,18,23,29",1
2016071,"19,21,26,28,29,32",1
2016072,"05,16,19,22,24,25",2
2016073,"09,11,12,15,16,20",13
2016074,"06,10,11,12,20,25",12
2016075,"01,03,06,16,29,32",7
2016076,"07,08,13,22,30,32",1
2016077,"01,09,17,19,20,29",10
2016078,"02,04,08,23,26,29",2
2016079,"01,03,10,12,24,28",2
2016080,"01,16,17,24,25,32",14
2016081,"02,06,15,25,30,32",7
2016082,"06,12,14,15,17,20",9
2016083,"09,16,17,24,30,31",4
2016084,"02,04,12,18,24,26",5
2016085,"01,12,19,20,21,25",16
2016086,"09,10,11,12,15,32",5
2016087,"02,03,10,11,14,21",12
2016088,"03,14,16,18,25,33",15
2016089,"01,03,14,30,31,32",8
2016090,"02,13,17,20,21,26",7
2016091,"04,08,14,22,23,28",7
2016092,"02,13,15,23,24,29",6
2016093,"06,09,15,17,25,27",9
2016094,"06,07,10,12,18,31",10
2016095,"01,05,09,12,18,32",12
2016096,"06,13,14,21,22,24",16
2016097,"06,13,25,26,28,31",1
2016098,"02,08,25,29,31,32",6
2016099,"01,11,21,23,27,33",6
2016100,"03,10,22,23,27,29",4
2016101,"01,03,19,24,32,33",1
2016102,"05,08,10,14,17,30",13
2016103,"01,05,13,19,24,27",11
2016104,"05,09,11,18,30,31",4
2016105,"08,10,19,27,28,31",16
2016106,"04,05,13,22,25,30",4
2016107,"06,11,18,26,27,32",1
2016108,"02,03,07,08,19,26",16
2016109,"09,11,15,16,27,33",5
2016110,"05,07,28,31,32,33",8
2016111,"02,04,07,14,15,32",4
2016112,"06,12,14,15,18,25",12
2016113,"01,11,16,17,20,26",14
2016114,"05,16,20,22,27,29",9
2016115,"06,08,20,22,26,27",9
2016116,"07,18,20,23,27,31",13
2016117,"03,10,14,17,28,33",2
2016118,"09,14,22,23,31,33",14
2016119,"09,19,21,30,31,32",4
2016120,"02,05,06,21,25,28",9
2016121,"02,03,10,23,25,28",9
2016122,"15,22,23,24,28,29",8
2016123,"07,09,12,14,20,27",16
2016124,"09,15,21,24,27,32",10
2016125,"01,06,08,20,27,30",3
2016126,"02,06,12,17,18,19",10
2016127,"07,12,17,26,29,31",16
2016128,"04,09,11,17,26,27",13
2016129,"05,06,08,21,31,33",14
2016130,"03,17,21,23,27,28",1
2016131,"04,10,18,19,25,27",2
2016132,"05,08,13,19,27,28",7
2016133,"15,16,21,22,27,33",15
2016134,"11,12,13,14,18,33",13
2016135,"02,08,10,18,20,33",12
2016136,"02,07,10,20,27,29",3
2016137,"01,06,09,10,15,32",14
2016138,"07,16,20,24,25,30",7
2016139,"01,06,19,26,28,30",3
2016140,"01,02,05,17,26,32",10
2016141,"04,13,15,17,21,24",15
2016142,"01,10,17,21,23,30",12
2016143,"06,09,23,24,25,33",13
2016144,"04,10,12,27,32,33",5
2016145,"01,03,07,12,19,20",6
2016146,"03,07,15,16,17,23",10
2016147,"04,14,18,28,31,32",12
2016148,"01,02,11,20,26,30",14
2016149,"03,20,23,26,32,33",7
2016150,"02,04,05,09,13,21",5
2016151,"06,11,16,20,22,33",7
2016152,"02,08,09,16,20,22",7
2016153,"07,09,16,24,25,29",6
2017001,"09,11,14,20,25,26",15
2017002,"15,19,23,24,25,32",3
2017003,"01,04,08,15,27,32",16
2017004,"05,13,17,26,27,30",7
2017005,"06,11,12,22,23,30",5
2017006,"02,04,08,26,29,33",8
2017007,"02,04,05,24,26,33",15
2017008,"07,13,15,27,28,29",13
2017009,"02,06,08,09,15,29",14
2017010,"05,08,19,25,28,30",7
2017011,"10,11,12,23,26,29",16
2017012,"10,11,14,15,16,24",7
2017013,"08,11,28,29,31,33",6
2017014,"06,08,18,20,23,31",13
2017015,"01,08,09,14,17,32",1
2017016,"05,08,16,22,27,29",2
2017017,"03,07,08,10,22,23",12
2017018,"01,02,03,17,25,31",9
2017019,"04,06,08,12,23,25",8
2017020,"04,08,10,12,31,33",10
2017021,"02,05,10,22,32,33",9
2017022,"02,06,15,16,18,32",15
2017023,"01,03,04,11,18,22",14
2017024,"09,21,25,26,29,31",13
2017025,"02,15,16,17,22,32",7
2017026,"03,10,12,19,27,30",8
2017027,"02,04,11,14,27,30",5
2017028,"07,08,12,13,22,30",9
2017029,"02,15,21,23,25,30",10
2017030,"01,07,09,20,23,30",2
2017031,"06,10,16,26,27,29",3
2017032,"05,08,15,24,27,31",11
2017033,"05,07,15,20,23,30",15
2017034,"04,07,08,19,32,33",13
2017035,"01,06,14,24,28,32",12
2017036,"01,02,05,10,24,27",15
2017037,"11,15,20,22,25,30",5
2017038,"01,04,08,13,24,27",5
2017039,"02,04,12,14,17,24",15
2017040,"15,19,23,28,29,33",4
2017041,"04,10,13,15,22,27",4
2017042,"01,02,04,07,10,23",4
2017043,"08,13,16,23,27,31",8
2017044,"08,16,19,21,31,32",6
2017045,"05,07,16,20,21,25",5
2017046,"04,13,14,23,26,32",10
2017047,"02,05,08,10,32,33",2
2017048,"05,08,09,14,15,19",7
2017049,"01,08,14,15,20,29",10
2017050,"10,12,20,24,27,29",7
2017051,"02,05,09,15,24,25",11
2017052,"07,08,18,24,29,31",7
2017053,"04,09,11,15,29,31",6
2017054,"02,03,09,23,28,33",8
2017055,"07,12,13,20,24,31",5
2017056,"13,14,18,19,21,28",6
2017057,"18,20,22,23,30,31",16
2017058,"01,09,13,22,28,32",11
2017059,"04,08,09,15,19,25",9
2017060,"05,10,13,24,26,31",4
2017061,"06,07,12,20,26,27",11
2017062,"01,07,22,24,26,31",10
2017063,"12,16,20,22,25,31",4
2017064,"02,10,16,22,24,28",15
2017065,"02,05,08,10,12,21",7
2017066,"01,04,06,17,19,26",3
2017067,"01,03,04,10,18,29",4
2017068,"02,06,10,22,30,31",15
2017069,"02,11,12,23,29,31",5
2017070,"01,06,14,22,25,26",12
2017071,"02,03,06,14,31,32",3
2017072,"06,11,14,23,26,30",2
2017073,"03,06,16,23,26,30",14
2017074,"02,06,16,23,30,31",2
2017075,"01,03,06,19,21,29",7
2017076,"01,04,08,09,14,15",13
2017077,"01,02,04,15,17,22",14
2017078,"05,07,18,19,22,24",16
2017079,"03,07,14,23,25,27",8
2017080,"01,12,16,20,22,24",8
2017081,"03,05,14,25,26,30",5
2017082,"14,18,21,25,28,29",10
2017083,"03,08,14,20,24,26",12
2017084,"01,05,11,20,22,24",2
2017085,"01,05,06,16,25,30",9
2017086,"03,05,06,13,20,22",7
2017087,"03,06,13,14,19,28",6
2017088,"07,09,18,22,23,29",6
2017089,"11,12,13,16,23,25",12
2017090,"01,07,10,16,22,33",9
2017091,"05,07,10,23,28,29",3
2017092,"10,18,19,29,32,33",9
2017093,"07,08,09,15,22,27",12
2017094,"08,11,13,19,28,31",6
2017095,"09,10,12,19,22,29",16
2017096,"02,06,11,12,19,29",6
2017097,"05,10,18,19,30,31",3
2017098,"04,19,22,27,30,33",1
2017099,"02,05,06,16,28,29",4
2017100,"04,07,08,18,23,24",2
2017101,"01,04,11,28,31,32",16
2017102,"04,08,10,14,18,20",11
2017103,"01,21,23,25,31,33",1
2017104,"01,14,15,20,23,30",14
2017105,"03,06,07,12,25,26",7
2017106,"12,15,20,25,27,31",2
2017107,"08,09,15,17,30,32",6
2017108,"07,12,14,15,17,20",1
2017109,"08,14,16,18,21,23",16
2017110,"01,03,12,15,19,23",14
2017111,"05,10,17,19,29,32",12
2017112,"03,10,14,16,22,23",11
2017113,"04,06,16,27,29,33",5
2017114,"06,12,13,15,18,26",13
2017115,"04,10,11,25,30,31",1
2017116,"02,14,20,22,30,32",2
2017117,"01,02,08,11,14,21",9
2017118,"08,09,15,22,30,33",16
2017119,"09,16,21,25,26,31",14
2017120,"08,10,15,19,23,28",16
2017121,"11,18,19,22,24,32",7
2017122,"11,20,21,22,24,27",15
2017123,"04,05,06,11,21,31",10
2017124,"02,06,11,26,28,29",3
2017125,"01,14,23,25,29,30",3
2017126,"01,16,17,21,27,30",16
2017127,"14,15,21,24,27,32",12
2017128,"02,06,13,22,29,31",8
2017129,"05,06,09,14,21,33",2
2017130,"05,13,14,23,25,31",2
2017131,"01,07,10,11,26,27",11
2017132,"02,03,05,09,13,28",11
2017133,"06,15,17,18,23,30",11
2017134,"04,05,11,14,28,32",4
2017135,"01,06,07,14,18,26",16
2017136,"03,07,10,18,21,24",12
2017137,"05,10,20,23,26,31",3
2017138,"01,17,24,28,32,33",2
2017139,"02,14,20,24,28,32",16
2017140,"21,22,25,28,29,30",8
2017141,"01,06,07,11,13,15",5
2017142,"08,13,14,18,23,33",6
2017143,"04,06,09,14,20,29",14
2017144,"03,14,16,20,31,32",9
2017145,"02,06,12,17,25,28",12
2017146,"01,19,25,26,27,33",10
2017147,"03,07,20,21,25,31",14
2017148,"04,07,11,14,29,32",12
2017149,"05,08,15,20,27,30",13
2017150,"06,14,19,20,21,23",8
2017151,"02,05,07,09,11,27",16
2017152,"06,10,23,25,26,29",5
2017153,"07,11,12,13,18,19",16
2017154,"05,09,13,15,18,26",5
2018001,"01,08,11,26,28,31",4
2018002,"07,18,24,29,31,33",16
2018003,"01,14,16,17,20,31",4
2018004,"14,18,19,26,30,31",11
2018005,"02,20,21,28,31,33",6
2018006,"02,07,08,09,17,29",11
2018007,"13,14,20,25,27,31",12
2018008,"05,09,10,12,17,19",13
2018009,"05,10,17,23,26,32",7
2018010,"01,08,17,20,21,22",3
2018011,"03,10,21,23,27,33",11
2018012,"11,12,13,19,26,28",12
2018013,"06,08,13,15,22,33",6
2018014,"09,12,20,24,28,31",7
2018015,"11,15,20,21,26,33",15
2018016,"01,11,12,18,25,27",16
2018017,"03,06,11,26,30,32",12
2018018,"02,12,13,18,25,27",7
2018019,"03,11,12,16,21,23",9
2018020,"06,09,10,14,28,30",5
2018021,"03,04,06,11,23,28",14
2018022,"07,14,19,21,22,23",3
2018023,"12,15,16,21,26,29",16
2018024,"11,19,22,26,31,32",2
2018025,"04,13,16,19,21,25",14
2018026,"04,07,12,14,26,32",4
2018027,"02,07,09,14,18,28",5
2018028,"03,08,11,14,18,23",16
2018029,"01,02,09,14,22,25",5
2018030,"13,14,20,21,25,33",7
2018031,"02,16,18,19,27,30",14
2018032,"21,22,23,24,25,32",6
2018033,"04,19,20,22,28,33",6
2018034,"01,05,11,22,23,26",15
2018035,"07,10,11,17,23,28",15
2018036,"08,17,24,26,28,33",4
2018037,"01,06,07,08,27,30",10
2018038,"15,23,24,25,28,29",9
2018039,"08,12,18,19,23,32",3
2018040,"01,03,08,13,18,23",16
2018041,"07,08,20,23,24,32",13
2018042,"06,10,21,28,29,31",12
2018043,"01,04,06,08,21,24",7
2018044,"05,09,12,17,27,30",6
2018045,"03,04,06,25,26,30",1
2018046,"10,13,14,18,20,31",3
2018047,"06,07,12,16,22,25",7
2018048,"01,12,20,25,30,31",2
2018049,"01,03,04,11,19,23",2
2018050,"01,02,04,10,18,19",7
2018051,"05,07,20,23,27,31",4
2018052,"03,05,06,09,15,32",14
2018053,"01,04,10,11,14,27",6
2018054,"04,06,18,22,25,33",16
2018055,"07,09,10,12,22,26",7
2018056,"01,03,06,20,21,26",1
2018057,"05,15,17,19,20,30",13
2018058,"07,12,13,16,26,31",7
2018059,"04,06,08,13,22,32",11
2018060,"04,08,13,25,30,31",10
2018061,"09,10,11,12,18,23",7
2018062,"02,18,19,24,25,33",11
2018063,"05,06,10,16,20,25",12
2018064,"02,05,10,11,17,21",5
2018065,"01,04,06,14,28,33",1
2018066,"09,16,17,19,22,26",10
2018067,"01,04,09,12,15,18",5
2018068,"08,10,17,20,27,30",1
2018069,"06,13,17,19,23,31",12
2018070,"04,09,15,16,19,27",10
2018071,"02,05,06,13,16,19",3
2018072,"11,16,19,22,25,30",8
2018073,"02,09,14,15,16,23",10
2018074,"09,11,14,20,27,30",9
2018075,"07,09,12,13,22,24",11
2018076,"03,07,08,15,29,30",13
2018077,"02,05,09,15,20,24",10
2018078,"03,10,14,17,18,30",12
2018079,"14,15,17,22,24,29",13
2018080,"04,07,13,20,29,33",3
2018081,"01,02,12,16,20,26",3
2018082,"06,12,14,20,22,24",9
2018083,"04,09,18,21,32,33",3
2018084,"05,06,08,12,22,24",3
2018085,"04,10,25,26,30,33",6
2018086,"02,07,17,21,23,26",16
2018087,"01,05,10,16,18,31",3
2018088,"03,05,12,29,30,32",14
2018089,"06,09,12,14,18,27",14
2018090,"01,02,04,10,14,23",7
2018091,"06,11,13,17,25,32",7
2018092,"06,10,16,19,24,33",16
2018093,"04,18,20,21,29,33",7
2018094,"04,07,16,20,24,30",5
2018095,"10,11,12,21,26,33",9
2018096,"01,05,09,20,28,32",12
2018097,"01,02,17,20,25,28",13
2018098,"06,10,11,20,29,32",13
2018099,"03,07,08,14,25,32",6
2018100,"02,11,14,15,29,33",2
2018101,"01,03,14,26,29,33",9
2018102,"02,06,11,19,21,28",5
2018103,"02,09,15,22,23,24",16
2018104,"02,03,06,19,25,29",1
2018105,"04,05,13,18,19,25",1
2018106,"04,18,19,24,25,26",10
2018107,"01,02,05,12,20,22",1
2018108,"05,13,18,21,26,30",2
2018109,"10,11,18,23,31,33",15
2018110,"11,13,16,21,22,23",2
2018111,"01,07,14,24,25,28",8
2018112,"05,08,18,25,26,31",4
2018113,"01,06,09,16,25,26",9
2018114,"01,07,15,16,20,27",14
2018115,"01,13,19,24,26,29",11
2018116,"05,14,17,22,23,28",15
2018117,"08,11,15,17,23,25",5
2018118,"08,12,21,22,27,31",9
2018119,"03,13,14,16,25,27",12
2018120,"03,04,18,26,27,33",1
2018121,"06,08,14,19,23,25",11
2018122,"05,07,20,22,30,32",10
2018123,"13,21,24,27,31,32",1
2018124,"09,13,14,19,22,25",2
2018125,"03,10,11,14,15,32",2
2018126,"01,06,08,09,14,22",5
2018127,"02,05,06,07,11,15",12
2018128,"06,07,08,19,22,23",2
2018129,"02,04,06,16,18,19",16
2018130,"05,12,17,18,24,28",12
2018131,"21,22,24,31,32,33",1
2018132,"01,02,09,10,15,22",6
2018133,"02,04,11,12,18,32",13
2018134,"03,16,18,31,32,33",12
2018135,"01,03,06,10,11,29",16
2018136,"10,12,15,25,26,27",14
2018137,"03,05,11,15,20,23",9
2018138,"01,10,25,27,30,32",9
2018139,"11,18,20,23,31,32",15
2018140,"01,15,20,22,25,28",14
2018141,"11,14,16,18,24,33",4
2018142,"05,08,10,11,27,28",11
2018143,"04,06,15,28,32,33",14
2018144,"08,13,17,18,20,27",13
2018145,"03,09,13,22,23,25",6
2018146,"02,10,11,17,18,29",16
2018147,"03,15,17,23,27,30",11
2018148,"03,06,18,19,21,31",1
2018149,"01,07,08,10,12,24",1
2018150,"06,08,15,19,20,31",5
2018151,"05,15,19,25,26,29",15
2018152,"04,14,16,23,28,29",3
2018153,"01,07,17,23,25,31",11
2019001,"06,10,13,15,32,33",15
2019002,"04,05,06,08,09,18",11
2019003,"13,17,20,21,22,27",1
2019004,"08,12,16,19,26,32",3
2019005,"21,22,26,28,31,32",7
2019006,"01,05,10,19,26,28",12
2019007,"06,10,14,15,19,23",15
2019008,"02,06,09,13,28,32",12
2019009,"01,07,10,22,31,32",15
2019010,"02,04,05,08,11,30",2
2019011,"10,13,19,21,24,30",7
2019012,"07,10,21,23,31,33",14
2019013,"05,07,14,16,18,21",1
2019014,"01,02,03,14,19,33",3
2019015,"11,15,16,20,24,31",4
2019016,"05,07,09,11,19,25",5
2019017,"04,05,24,28,30,33",9
2019018,"04,11,18,19,26,32",4
2019019,"03,11,17,18,24,25",6
2019020,"02,12,13,23,27,28",12
2019021,"02,05,07,08,20,27",4
2019022,"03,07,11,21,30,33",7
2019023,"01,10,14,15,18,31",13
2019024,"01,08,23,25,28,29",10
2019025,"15,16,21,27,30,33",4
2019026,"03,13,15,19,20,27",14
2019027,"02,06,08,10,11,17",13
2019028,"04,19,22,26,29,30",11
2019029,"08,11,17,23,32,33",10
2019030,"04,05,07,10,12,22",16
2019031,"03,13,15,18,21,33",16
2019032,"04,08,09,13,28,33",4
2019033,"09,15,19,21,23,29",15
2019034,"09,11,15,22,24,26",3
2019035,"01,05,07,09,10,20",16
2019036,"02,10,13,16,23,32",8
2019037,"01,07,12,14,18,25",10
2019038,"09,12,21,27,29,30",5
2019039,"06,07,11,14,27,32",8
2019040,"05,06,09,18,23,31",11
2019041,"02,09,13,23,24,26",16
2019042,"15,17,19,22,25,26",4
2019043,"01,06,12,13,24,32",13
2019044,"06,14,16,17,23,29",7
2019045,"01,06,17,19,27,31",14
2019046,"02,12,16,22,25,32",6
2019047,"03,11,18,25,30,33",14
2019048,"03,07,10,12,18,29",10
2019049,"03,10,13,22,23,28",15
2019050,"04,06,10,11,21,23",2
2019051,"08,09,10,13,15,28",9
2019052,"03,06,09,13,16,19",16
2019053,"04,16,22,25,29,31",8
2019054,"07,10,11,15,24,26",11
2019055,"01,06,11,15,19,31",10
2019056,"13,14,17,19,21,29",1
2019057,"04,05,06,08,13,18",16
2019058,"07,08,12,21,23,27",12
2019059,"04,05,07,09,16,18",6
2019060,"03,04,14,20,23,27",1
2019061,"03,17,19,24,27,31",12
2019062,"07,13,16,23,26,30",1
2019063,"01,14,19,22,29,31",16
2019064,"12,20,24,25,30,33",12
2019065,"06,09,11,15,20,26",10
2019066,"01,14,17,20,22,32",4
2019067,"04,06,08,11,30,33",11
2019068,"03,14,20,24,26,33",10
2019069,"06,11,16,19,21,25",1
2019070,"06,15,18,19,24,32",9
2019071,"01,08,19,24,29,30",4
2019072,"02,09,13,15,22,30",15
2019073,"01,02,06,12,16,18",8
2019074,"12,21,27,29,31,33",4
2019075,"05,08,20,22,31,33",3
2019076,"12,15,19,20,29,32",14
2019077,"09,11,13,18,21,22",15
2019078,"01,17,27,29,31,33",12
2019079,"01,03,06,09,19,31",16
2019080,"03,06,08,20,24,32",7
2019081,"05,24,27,29,31,32",10
2019082,"07,16,19,22,24,28",2
2019083,"06,15,17,26,28,31",3
2019084,"04,08,14,18,20,27",3
2019085,"01,04,14,18,24,29",4
2019086,"16,22,24,26,28,31",6
2019087,"04,05,07,09,21,30",4
2019088,"13,14,15,21,23,29",13
2019089,"02,04,14,16,20,22",11
2019090,"02,03,06,08,14,22",4
2019091,"07,10,21,24,29,32",11
2019092,"09,17,27,28,32,33",8
2019093,"05,07,08,09,20,22",2
2019094,"05,10,12,18,19,27",6
2019095,"02,05,14,19,21,28",1
2019096,"05,07,12,18,27,32",11
2019097,"03,05,18,24,25,31",9
2019098,"03,11,12,14,17,26",9
2019099,"07,14,22,23,27,30",8
2019100,"01,04,12,13,30,32",8
2019101,"01,04,09,21,31,33",5
2019102,"03,08,12,16,20,32",12
2019103,"04,12,14,21,27,29",12
2019104,"01,05,16,17,18,24",10
2019105,"02,13,15,17,26,33",1
2019106,"02,14,22,27,30,33",14
2019107,"02,06,08,23,27,32",2
2019108,"07,13,19,22,25,32",13
2019109,"03,06,07,17,28,31",10
2019110,"01,18,22,26,27,28",8
2019111,"07,18,20,22,24,33",1
2019112,"03,12,14,17,23,27",1
2019113,"01,05,19,21,25,33",15
2019114,"02,04,09,11,12,30",1
2019115,"04,10,11,14,15,29",5
2019116,"01,08,09,13,16,33",1
2019117,"03,05,11,28,32,33",1
2019118,"12,14,15,25,28,31",4
2019119,"04,20,22,24,26,33",7
2019120,"10,12,27,31,32,33",3
2019121,"02,06,15,21,30,31",2
2019122,"04,10,15,19,21,23",2
2019123,"02,06,08,17,28,30",6
2019124,"04,09,30,31,32,33",1
2019125,"02,11,12,26,27,29",3
2019126,"02,14,17,29,32,33",16
2019127,"02,06,07,12,17,24",10
2019128,"03,08,12,16,17,19",8
2019129,"03,04,07,09,15,26",7
2019130,"01,07,09,11,24,32",16
2019131,"09,17,19,20,24,31",4
2019132,"04,06,11,14,19,33",7
2019133,"03,07,16,21,24,31",7
2019134,"01,04,06,22,29,30",3
2019135,"03,06,10,11,27,33",3
2019136,"12,14,15,17,29,33",12
2019137,"07,10,13,19,23,31",6
2019138,"02,06,12,30,31,32",11
2019139,"08,14,20,23,30,33",11
2019140,"02,04,09,11,14,22",5
2019141,"10,13,14,15,17,33",14
2019142,"08,14,24,27,29,33",9
2019143,"05,13,15,16,26,32",9
2019144,"02,12,15,19,27,30",3
2019145,"01,08,13,17,18,19",16
2019146,"01,04,10,12,30,32",14
2019147,"01,09,12,14,23,27",12
2019148,"09,10,13,20,26,27",8
2019149,"01,06,27,28,31,33",7
2019150,"02,09,14,22,27,29",2
2019151,"02,06,09,18,24,26",14
2020001,"02,15,23,26,29,30",2
2020002,"04,09,14,15,16,29",11
2020003,"09,17,26,29,30,32",3
2020004,"02,15,17,27,32,33",3
2020005,"11,16,17,22,26,32",4
2020006,"03,04,05,10,16,32",9
2020007,"05,12,17,20,25,31",10
2020008,"01,04,06,10,11,28",16
2020009,"03,06,08,14,19,26",12
2020010,"11,14,22,27,31,32",9
2020011,"04,05,07,17,18,29",1
2020012,"04,13,14,23,26,31",9
2020013,"02,08,10,20,21,30",14
2020014,"02,07,08,10,12,16",7
2020015,"08,09,22,24,30,33",1
2020016,"05,06,08,17,24,27",7
2020017,"02,04,07,15,20,27",4
2020018,"05,07,08,11,17,22",13
2020019,"15,19,27,28,30,33",3
2020020,"01,06,09,13,15,22",14
2020021,"02,06,14,16,27,31",7
2020022,"02,10,20,22,25,30",2
2020023,"04,05,20,21,30,33",8
2020024,"10,13,27,28,29,31",8
2020025,"01,09,10,15,20,29",2
2020026,"01,04,09,18,19,31",6
2020027,"12,13,14,24,25,28",6
2020028,"05,06,15,18,26,32",8
2020029,"01,12,18,20,30,32",5
2020030,"17,18,21,29,30,32",3
2020031,"02,05,09,15,16,27",9
2020032,"03,11,13,14,15,26",13
2020033,"07,10,12,21,31,32",1
2020034,"02,08,15,16,26,32",3
2020035,"10,14,24,25,28,33",11
2020036,"07,09,16,22,24,32",6
2020037,"01,04,11,13,17,24",15
2020038,"01,06,07,18,23,24",15
2020039,"02,09,10,11,16,29",2
2020040,"01,06,12,16,19,21",4
2020041,"06,07,16,22,24,25",13
2020042,"02,06,07,11,14,31",3
2020043,"01,11,24,25,27,30",7
2020044,"07,08,16,17,19,24",7
2020045,"02,03,15,21,22,33",16
2020046,"13,19,25,26,27,32",8
2020047,"04,10,17,19,28,32",1
2020048,"12,14,18,23,30,32",2
2020049,"01,07,09,12,18,22",4
2020050,"04,09,17,20,32,33",15
2020051,"03,06,08,11,19,28",8
2020052,"02,08,13,29,32,33",15
2020053,"02,14,15,16,32,33",1
2020054,"03,10,19,25,26,31",2
2020055,"01,05,07,23,28,30",12
2020056,"02,05,08,12,26,31",14
2020057,"09,14,21,23,26,32",3
2020058,"01,03,11,12,19,26",7
2020059,"02,04,10,17,22,25",14
2020060,"05,09,14,20,24,30",8
2020061,"08,17,24,26,27,31",4
2020062,"10,14,17,22,26,27",5
2020063,"12,15,16,22,29,32",14
2020064,"01,03,07,21,27,32",1
2020065,"09,15,18,21,23,26",8
2020066,"02,09,13,17,26,28",7
2020067,"04,07,09,23,27,30",8
2020068,"12,16,21,26,27,32",10
2020069,"03,09,10,13,18,26",4
2020070,"01,02,04,06,19,21",15
2020071,"09,11,12,13,22,23",8
2020072,"06,08,10,15,17,26",4
2020073,"05,07,11,13,27,29",3
2020074,"04,08,09,13,19,33",12
2020075,"03,11,13,20,24,30",16
2020076,"10,15,16,18,20,27",6
2020077,"03,10,16,21,25,27",12
2020078,"03,11,14,16,21,32",4
2020079,"05,12,20,21,22,29",14
2020080,"14,15,18,22,31,33",1
2020081,"01,05,13,14,27,33",15
2020082,"02,08,11,17,21,30",9
2020083,"01,19,25,26,30,31",12
2020084,"03,07,16,17,23,30",7
2020085,"01,02,05,09,19,24",16
2020086,"02,04,06,15,24,27",6
2020087,"11,15,20,23,25,33",10
2020088,"01,06,12,26,29,30",12
2020089,"02,14,16,21,29,30",10
2020090,"02,21,23,26,31,32",6
2020091,"01,09,11,12,16,19",16
2020092,"01,06,12,18,22,24",3
2020093,"04,05,10,13,15,19",15
2020094,"10,15,17,27,29,31",8
2020095,"03,09,16,17,20,26",2
2020096,"01,20,23,26,27,32",15
2020097,"02,08,21,25,26,30",10
2020098,"06,08,11,22,25,33",2
2020099,"05,06,11,12,15,30",12
2020100,"01,07,15,16,20,23",7
2020101,"10,17,24,25,28,30",15
2020102,"09,10,19,25,26,29",8
2020103,"04,09,10,22,28,32",8
2020104,"04,08,10,16,27,29",9
2020105,"06,14,19,20,22,24",1
2020106,"02,04,11,15,18,28",10
2020107,"03,09,11,24,25,28",16
2020108,"10,12,15,17,23,32",5
2020109,"06,13,16,20,23,32",13
2020110,"02,06,09,14,22,25",4
2020111,"06,09,17,22,24,26",16
2020112,"02,09,12,17,28,32",5
2020113,"01,03,07,10,22,32",11
2020114,"01,05,11,24,30,32",3
2020115,"01,04,12,20,25,32",2
2020116,"05,06,14,16,19,27",10
2020117,"07,08,09,10,16,27",7
2020118,"11,13,19,26,30,33",5
2020119,"01,09,22,28,32,33",15
2020120,"01,02,03,04,09,10",12
2020121,"02,04,06,21,25,29",3
2020122,"12,15,17,24,26,31",15
2020123,"01,03,18,19,26,29",3
2020124,"16,18,19,20,29,33",12
2020125,"05,12,16,26,30,31",13
2020126,"03,07,12,14,23,28",11
2020127,"01,04,18,19,26,31",7
2020128,"08,10,15,16,23,26",10
2020129,"01,02,05,15,28,33",4
2020130,"08,09,11,14,17,29",16
2020131,"08,19,22,26,27,30",7
2020132,"01,04,11,12,14,23",4
2020133,"03,19,22,23,27,29",7
2020134,"02,09,10,20,22,26",1
2021001,"02,03,13,18,20,31",11
2021002,"06,10,13,25,26,32",11
2021003,"06,09,16,18,22,29",11
2021004,"02,03,07,08,17,22",15
2021005,"07,09,14,26,30,31",4
2021006,"06,08,22,24,25,26",1
2021007,"02,04,12,21,25,32",16
2021008,"01,05,07,14,18,33",7
2021009,"02,04,07,24,25,32",13
2021010,"01,04,11,19,32,33",5
2021011,"05,10,16,23,27,33",14
2021012,"03,06,14,18,20,26",1
2021013,"06,09,12,16,27,31",6
2021014,"04,15,21,25,29,33",6
2021015,"06,14,16,26,28,29",7
2021016,"03,08,09,13,15,18",10
2021017,"09,15,18,29,32,33",2
2021018,"02,08,14,23,25,32",6
2021019,"12,16,17,24,28,29",8
2021020,"01,03,06,07,09,11",2
2021021,"04,08,17,24,28,33",13
2021022,"10,15,17,25,31,32",6
2021023,"02,21,22,23,27,28",11
2021024,"01,04,06,10,11,18",2
2021025,"06,08,14,17,18,30",11
2021026,"03,05,13,19,20,25",3
2021027,"05,07,09,16,20,26",8
2021028,"11,16,23,26,27,33",5
2021029,"08,10,15,17,22,30",12
2021030,"08,09,13,27,29,31",5
2021031,"06,11,21,25,28,31",7
2021032,"01,05,08,15,16,30",3
2021033,"02,12,13,14,31,33",6
2021034,"04,10,12,18,23,25",1
2021035,"12,14,18,20,26,28",11
2021036,"01,02,06,11,21,26",11
2021037,"13,17,19,24,26,30",12
2021038,"05,07,09,16,18,27",6
2021039,"02,08,21,24,29,31",13
2021040,"02,06,07,24,28,29",16
2021041,"02,09,18,23,26,32",14
2021042,"05,09,10,22,25,27",8
2021043,"02,03,17,18,23,24",1
2021044,"05,07,14,17,26,28",13
2021045,"01,04,14,15,17,32",2
2021046,"05,09,13,21,28,33",6
2021047,"03,07,13,16,24,29",1
2021048,"04,15,17,22,29,32",3
2021049,"04,11,13,22,25,32",1
2021050,"02,09,10,16,25,28",8
2021051,"08,09,10,19,27,29",15
2021052,"03,04,06,19,21,30",14
2021053,"07,10,14,16,24,33",16
2021054,"07,13,21,22,24,31",2
2021055,"03,11,12,16,22,28",10
2021056,"08,21,22,23,29,32",1
2021057,"05,06,09,17,25,33",16
2021058,"09,11,13,18,19,28",14
2021059,"01,09,11,18,32,33",14
2021060,"10,11,17,20,29,30",15
2021061,"04,09,12,18,20,23",1
2021062,"12,13,15,20,22,25",10
2021063,"04,05,06,09,23,24",9
2021064,"04,06,08,15,16,18",16
2021065,"01,04,08,19,29,33",16
2021066,"02,06,19,26,30,33",15
2021067,"01,11,19,23,25,29",9
2021068,"04,14,18,24,31,32",15
2021069,"06,11,18,20,23,26",5
2021070,"01,05,11,15,16,29",15
2021071,"01,07,24,31,32,33",8
2021072,"01,09,15,16,19,21",15
2021073,"01,06,18,22,24,25",8
2021074,"04,05,09,14,25,27",7
2021075,"12,15,16,21,22,29",1
2021076,"03,09,21,23,30,32",6
2021077,"08,15,17,25,27,30",10
2021078,"04,06,15,26,27,31",12
2021079,"01,03,10,24,28,29",13
2021080,"05,08,22,23,24,29",9
2021081,"01,03,05,18,22,23",1
2021082,"03,06,11,13,26,32",5
2021083,"04,09,11,25,28,33",4
2021084,"05,07,09,11,21,28",1
2021085,"05,06,07,11,14,20",2
2021086,"06,08,10,14,28,29",1
2021087,"02,13,16,19,23,24",4
2021088,"04,12,15,16,19,26",6
2021089,"01,02,07,13,23,24",12
2021090,"05,06,12,14,27,28",8
2021091,"04,06,16,24,26,33",16
2021092,"02,07,08,10,12,31",3
2021093,"05,11,15,23,28,33",3
2021094,"09,11,24,25,28,33",15
2021095,"08,12,17,24,27,28",13
2021096,"01,07,11,14,15,26",11
2021097,"03,11,12,13,25,28",12
2021098,"01,10,13,18,26,32",5
2021099,"09,11,17,18,20,27",15
2021100,"07,09,12,13,14,29",16
2021101,"02,04,12,22,29,31",1
2021102,"05,09,15,24,27,30",9
2021103,"10,13,15,25,29,30",15
2021104,"01,07,17,20,22,28",15
2021105,"10,14,15,22,27,32",9
2021106,"01,04,07,14,30,31",3
2021107,"02,03,17,19,25,30",1
2021108,"11,15,18,24,26,32",9
2021109,"02,03,10,17,20,26",16
2021110,"10,13,15,24,31,32",2
2021111,"17,20,22,23,26,28",6
2021112,"05,06,21,25,28,33",7
2021113,"04,07,10,22,27,30",2
2021114,"04,06,08,14,24,27",2
2021115,"02,10,12,15,24,27",8
2021116,"06,14,17,18,31,33",6
2021117,"03,05,17,21,27,33",4
2021118,"02,06,14,18,20,31",13
2021119,"03,09,10,11,28,29",13
2021120,"01,07,08,12,13,18",5
2021121,"04,05,12,16,22,30",15
2021122,"04,05,12,15,18,28",7
2021123,"06,14,15,19,29,31",5
2021124,"01,03,18,22,29,32",2
2021125,"14,19,20,23,24,31",9
2021126,"19,20,23,27,28,31",1
2021127,"07,15,16,20,27,29",7
2021128,"05,17,20,21,23,33",4
2021129,"04,15,21,27,28,29",10
2021130,"08,09,15,24,26,30",6
2021131,"08,11,18,19,20,24",1
2021132,"01,04,06,14,20,28",8
2021133,"01,03,12,19,27,31",10
2021134,"01,02,16,19,25,31",8
2021135,"03,10,17,19,21,31",4
2021136,"02,06,09,15,19,28",16
2021137,"03,07,10,14,21,24",1
2021138,"11,14,15,16,27,32",9
2021139,"12,14,19,23,24,27",1
2021140,"05,10,16,26,27,33",1
2021141,"01,14,19,23,26,30",10
2021142,"04,07,17,19,20,24",16
2021143,"01,09,11,13,20,29",9
2021144,"02,05,13,15,23,26",7
2021145,"04,07,10,14,16,26",9
2021146,"07,09,21,22,26,32",3
2021147,"05,10,11,13,27,28",9
2021148,"10,12,15,17,19,20",8
2021149,"05,10,15,18,19,32",5
2021150,"09,14,20,21,24,26",4
2022001,"06,13,15,17,20,21",3
2022002,"02,12,21,23,25,31",8
2022003,"02,05,16,17,18,30",6
2022004,"05,19,24,28,30,32",14
2022005,"07,10,12,16,19,31",16
2022006,"03,06,09,15,22,31",2
2022007,"01,20,22,23,25,28",16
2022008,"02,03,07,09,20,21",13
2022009,"04,15,17,19,25,28",16
2022010,"12,18,19,20,21,32",15
2022011,"06,15,23,24,25,33",15
2022012,"04,07,08,29,30,31",1
2022013,"02,03,04,07,10,18",15
2022014,"06,07,13,14,15,27",4
2022015,"06,14,16,27,28,31",7
2022016,"05,10,19,20,29,31",14
2022017,"06,09,24,29,30,32",7
2022018,"07,11,16,17,30,32",16
2022019,"05,06,14,20,21,25",8
2022020,"09,11,14,22,30,32",1
2022021,"03,07,22,24,26,31",14
2022022,"01,07,11,15,17,19",6
2022023,"07,12,17,19,24,25",2
2022024,"07,09,10,14,19,24",15
2022025,"06,19,24,25,28,32",4
2022026,"03,04,10,15,22,24",2
2022027,"14,15,18,19,26,32",9
2022028,"05,11,20,22,23,29",9
2022029,"03,08,10,13,26,32",8
2022030,"12,23,24,26,27,30",5
2022031,"01,10,11,22,26,32",7
2022032,"04,10,11,14,23,32",7
2022033,"05,12,19,22,25,26",5
2022034,"14,17,26,31,32,33",10
2022035,"08,12,13,19,23,25",15
2022036,"02,03,14,16,26,31",2
2022037,"01,10,13,20,22,32",14
2022038,"09,12,13,16,24,32",4
2022039,"02,06,07,10,15,20",5
2022040,"03,12,14,16,31,33",12
2022041,"05,07,21,22,24,29",14
2022042,"05,10,11,21,22,30",13
2022043,"02,17,20,23,25,27",8
2022044,"01,07,08,21,23,29",6
2022045,"03,12,17,18,19,28",4
2022046,"02,11,24,25,27,30",14
2022047,"03,07,08,14,27,30",9
2022048,"05,07,17,20,26,31",14
2022049,"02,04,07,18,25,26",10
2022050,"03,05,08,14,27,33",8
2022051,"02,05,11,17,21,33",1
2022052,"07,24,27,29,31,32",15
2022053,"10,14,18,23,27,33",15
2022054,"08,12,21,27,28,33",11
2022055,"02,04,09,26,28,33",3
2022056,"01,06,11,14,17,26",15
2022057,"12,15,20,26,30,33",16
2022058,"06,13,14,23,31,33",1
2022059,"06,09,18,19,29,33",6
2022060,"16,18,19,24,28,32",1
2022061,"01,03,16,18,29,33",6
2022062,"16,18,20,21,23,33",5
2022063,"06,08,09,17,22,31",11
2022064,"04,06,12,13,17,31",16
2022065,"09,14,18,23,28,31",2
2022066,"06,11,14,20,27,30",9
2022067,"01,05,13,21,26,29",15
2022068,"07,12,15,24,26,29",6
2022069,"06,07,13,19,26,29",8
2022070,"04,06,09,27,28,33",2
2022071,"04,07,15,18,29,33",1
2022072,"05,14,15,16,18,32",12
2022073,"06,10,14,15,26,29",12
2022074,"05,07,15,19,29,33",15
2022075,"01,02,04,25,26,30",10
2022076,"08,09,10,13,24,29",2
2022077,"03,17,18,19,20,27",16
2022078,"01,04,05,15,17,31",9
2022079,"01,09,15,17,22,23",16
2022080,"05,12,15,17,18,27",4
2022081,"04,08,11,21,27,30",1
2022082,"04,10,11,23,30,32",14
2022083,"08,12,13,14,19,20",5
2022084,"03,18,23,24,25,32",9
2022085,"07,09,14,31,32,33",13
2022086,"01,04,08,21,23,24",11
2022087,"05,06,09,13,23,25",8
2022088,"03,09,15,17,20,22",6
2022089,"02,07,15,29,31,33",15
2022090,"01,04,25,27,29,30",7
2022091,"08,18,20,22,24,28",10
2022092,"07,10,16,20,21,27",11
2022093,"21,22,24,28,29,32",14
2022094,"06,11,13,16,19,31",2
2022095,"04,13,14,18,20,28",8
2022096,"03,16,17,19,25,33",7
2022097,"04,05,10,13,30,31",14
2022098,"02,03,04,06,21,33",5
2022099,"01,11,23,24,26,32",15
2022100,"02,06,07,15,20,21",15
2022101,"04,16,18,19,27,28",4
2022102,"09,10,12,18,29,32",14
2022103,"06,09,12,14,20,28",10
2022104,"01,08,19,25,26,31",1
2022105,"06,12,13,15,21,23",15
2022106,"17,20,22,23,24,31",1
2022107,"03,09,11,15,19,28",16
2022108,"01,07,13,17,18,31",15
2022109,"04,11,13,19,22,33",11
2022110,"09,13,15,18,20,28",15
2022111,"02,10,11,13,28,31",1
2022112,"03,05,08,17,25,31",1
2022113,"13,14,20,24,27,29",2
2022114,"01,05,15,19,26,29",13
2022115,"06,07,18,20,27,29",9
2022116,"08,14,26,27,30,33",1
2022117,"04,13,17,18,28,29",6
2022118,"02,06,07,11,14,33",8
2022119,"02,05,15,18,26,27",4
2022120,"02,15,19,26,27,29",2
2022121,"12,17,22,27,30,31",2
2022122,"06,08,17,19,24,28",5
2022123,"10,13,16,20,21,25",5
2022124,"05,10,13,18,24,26",1
2022125,"02,03,07,12,20,31",16
2022126,"01,13,15,17,26,33",13
2022127,"03,04,09,10,29,33",13
2022128,"03,12,18,24,27,29",1
2022129,"10,12,14,22,24,27",7
2022130,"02,08,15,17,26,28",12
2022131,"03,05,10,13,19,29",6
2022132,"01,03,18,26,32,33",4
2022133,"05,08,16,17,21,25",12
2022134,"01,05,14,17,24,31",14
2022135,"09,11,13,24,28,32",6
2022136,"08,10,14,15,18,22",8
2022137,"08,21,23,27,28,33",1
2022138,"02,14,19,21,25,28",11
2022139,"06,07,09,16,17,19",14
2022140,"08,09,18,19,20,27",15
2022141,"05,12,13,17,20,27",14
2022142,"01,03,13,16,21,27",3
2022143,"07,08,13,29,30,33",3
2022144,"07,20,22,23,31,32",5
2022145,"03,21,25,30,31,33",11
2022146,"06,07,13,18,26,31",6
2022147,"02,03,07,13,20,30",10
2022148,"02,15,16,17,21,31",14
2022149,"02,22,26,29,32,33",14
2022150,"01,07,11,12,22,28",5
2023001,"09,16,18,22,28,32",2
2023002,"02,06,10,16,18,22",13
2023003,"05,08,18,25,30,32",6
2023004,"01,07,15,16,20,25",16
2023005,"02,06,08,13,14,19",16
2023006,"02,10,12,14,24,26",5
2023007,"05,06,09,22,25,31",3
2023008,"05,13,18,20,26,28",6
2023009,"03,04,19,23,30,32",6
2023010,"04,05,13,18,27,29",12
2023011,"06,07,16,17,21,22",4
2023012,"03,04,07,22,26,30",6
2023013,"06,10,14,22,23,33",13
2023014,"06,07,18,23,27,30",5
2023015,"02,03,14,21,29,32",8
2023016,"14,16,19,23,28,30",3
2023017,"05,11,18,20,26,28",12
2023018,"10,12,17,19,25,31",13
2023019,"06,12,26,28,29,32",15
2023020,"01,12,17,18,26,27",5
2023021,"02,05,06,19,21,27",4
2023022,"10,11,18,19,23,31",3
2023023,"05,08,10,15,24,25",9
2023024,"03,06,09,17,27,28",3
2023025,"04,16,20,21,31,32",14
2023026,"01,18,26,30,31,33",3
2023027,"08,10,22,27,32,33",8
2023028,"05,07,10,17,20,22",14
2023029,"03,07,12,24,28,33",8
2023030,"02,03,07,16,30,31",6
2023031,"07,14,27,29,31,33",5
2023032,"06,19,20,26,28,33",1
2023033,"08,09,13,23,24,26",5
2023034,"02,03,09,11,12,17",15
2023035,"01,04,09,10,20,33",6
2023036,"13,14,18,19,24,30",9
2023037,"08,23,25,26,29,31",12
2023038,"02,09,14,17,31,33",8
2023039,"02,03,09,13,19,28",9
2023040,"09,16,17,24,29,31",8
2023041,"01,06,12,13,15,24",6
2023042,"10,17,20,23,27,30",10
2023043,"05,08,12,20,24,28",10
2023044,"02,08,15,22,24,26",16
2023045,"03,06,12,21,27,28",4
2023046,"06,08,17,25,26,28",3
2023047,"05,07,14,23,31,33",7
2023048,"02,03,10,24,28,30",8
2023049,"05,07,14,23,25,27",2
2023050,"02,07,09,14,22,23",5
2023051,"22,26,29,30,32,33",14
2023052,"03,04,05,08,12,17",6
2023053,"01,07,14,20,27,30",15
2023054,"05,06,09,10,15,26",12
2023055,"03,04,20,23,27,32",13
2023056,"08,14,15,18,23,33",8
2023057,"02,05,10,17,24,32",3
2023058,"10,17,22,26,30,33",11
2023059,"02,06,13,22,27,32",6
2023060,"09,11,17,19,30,31",11
2023061,"01,04,06,11,12,22",15
2023062,"11,19,23,24,26,33",15
2023063,"04,08,17,20,22,27",13
2023064,"01,07,11,12,16,18",4
2023065,"02,14,17,20,26,33",14
2023066,"02,07,08,10,26,31",6
2023067,"01,03,12,19,28,32",14
2023068,"11,12,15,18,29,33",2
2023069,"12,14,17,20,21,26",2
2023070,"03,05,25,31,32,33",4
2023071,"05,12,15,19,24,26",6
2023072,"02,06,10,24,25,33",9
2023073,"01,03,15,16,25,32",10
2023074,"02,08,09,18,19,21",3
2023075,"13,15,24,28,30,31",1
2023076,"03,04,15,18,19,22",9
2023077,"07,09,14,22,26,27",1
2023078,"06,08,14,19,30,31",8
2023079,"05,06,09,12,21,22",7
2023080,"01,02,04,09,25,31",8
2023081,"01,11,15,16,22,31",15
2023082,"04,18,19,24,27,30",16
2023083,"07,10,12,16,17,30",12
2023084,"09,13,14,17,19,27",3
2023085,"11,18,23,24,31,33",13
2023086,"08,09,10,22,26,32",12
2023087,"02,09,15,17,28,33",1
2023088,"01,14,18,26,31,33",5
2023089,"08,13,15,27,28,31",11
2023090,"01,02,09,26,30,31",7
2023091,"16,20,22,26,30,32",16
2023092,"03,12,24,25,32,33",13
2023093,"10,21,24,25,27,32",7
2023094,"06,10,12,14,30,31",12
2023095,"03,08,16,17,22,26",11
2023096,"08,11,18,26,31,32",15
2023097,"01,09,14,19,29,30",15
2023098,"02,10,11,14,21,27",11
2023099,"09,11,14,19,27,33",5
2023100,"05,06,12,15,23,25",4
2023101,"01,05,09,15,18,26",4
2023102,"01,09,10,13,21,28",10
2023103,"05,06,13,24,25,29",15
2023104,"10,19,23,25,30,31",12
2023105,"01,03,05,26,30,32",16
2023106,"07,09,10,20,22,24",7
2023107,"03,07,18,25,29,33",14
2023108,"01,03,06,08,18,24",9
2023109,"06,08,10,13,16,28",13
2023110,"02,06,20,25,29,33",16
2023111,"05,06,12,17,20,33",9
2023112,"09,12,13,22,24,31",4
2023113,"01,02,13,18,25,27",3
2023114,"07,09,15,16,17,26",9
2023115,"02,07,16,21,26,27",16
2023116,"02,08,09,13,24,27",12
2023117,"02,11,14,17,18,28",8
2023118,"01,02,11,19,25,29",4
2023119,"01,02,03,19,21,28",15
2023120,"03,08,13,24,27,29",8
2023121,"02,12,16,25,30,31",12
2023122,"07,08,14,18,20,30",5
2023123,"10,13,15,22,29,32",15
2023124,"02,03,17,18,25,30",11
2023125,"11,14,15,27,30,33",4
2023126,"10,24,26,28,29,31",16
2023127,"03,08,19,22,26,32",14
2023128,"07,16,20,21,27,33",1
2023129,"08,09,12,17,32,33",4
2023130,"04,10,17,22,23,32",16
2023131,"06,07,14,20,26,32",1
2023132,"03,09,11,15,25,27",1
2023133,"04,05,10,14,22,25",3
2023134,"05,08,09,17,22,33",4
2023135,"05,06,11,13,28,30",7
2023136,"03,05,10,21,22,26",10
2023137,"03,12,17,19,23,27",11
2023138,"03,22,28,30,31,33",4
2023139,"12,14,19,21,27,31",11
2023140,"03,04,11,14,30,31",5
2023141,"01,08,11,12,21,23",3
2023142,"02,08,20,21,27,33",14
2023143,"05,07,09,16,23,30",15
2023144,"12,16,17,22,25,27",8
2023145,"07,10,21,22,23,24",11
2023146,"02,03,06,11,20,32",9
2023147,"05,06,14,16,19,32",12
2023148,"03,05,07,09,19,20",8
2023149,"02,10,19,24,26,33",15
2023150,"10,17,25,26,30,33",5
2023151,"01,15,16,20,25,27",5
2024001,"03,07,16,26,27,32",16
2024002,"04,09,10,17,19,20",9
2024003,"01,05,08,13,32,33",3
2024004,"09,13,17,18,21,27",4
2024005,"05,06,20,23,25,32",3
2024006,"07,18,20,21,26,32",5
2024007,"04,05,06,07,20,22",15
2024008,"08,20,21,23,27,30",13
2024009,"01,04,07,10,17,23",14
2024010,"11,16,20,21,23,24",4
2024011,"08,12,16,20,27,31",6
2024012,"01,03,07,18,22,28",15
2024013,"01,07,10,14,21,25",7
2024014,"01,02,10,22,24,25",13
2024015,"03,08,17,18,20,30",15
2024016,"07,12,20,24,32,33",4
2024017,"04,17,19,20,25,32",4
2024018,"06,15,17,24,28,29",16
2024019,"05,11,12,16,17,20",8
2024020,"03,08,12,14,17,33",8
2024021,"04,06,16,17,23,24",11
2024022,"02,09,11,14,18,26",6
2024023,"01,10,22,25,28,32",10
2024024,"03,07,21,24,26,30",10
2024025,"08,15,21,22,25,33",13
2024026,"04,07,18,19,20,25",6
2024027,"02,06,13,27,28,32",13
2024028,"03,07,08,11,18,19",5
2024029,"12,18,23,25,28,33",4
2024030,"01,08,22,25,29,33",10
2024031,"09,10,13,25,30,32",2
2024032,"01,03,04,11,12,21",16
2024033,"06,10,11,18,20,32",5
2024034,"02,09,12,19,21,31",4
2024035,"05,07,14,17,22,32",6
2024036,"02,08,09,12,21,31",2
2024037,"01,04,05,06,12,14",13
2024038,"08,10,18,23,27,31",2
2024039,"02,06,12,29,30,31",10
2024040,"11,14,18,19,23,26",2
2024041,"02,09,12,22,25,33",16
2024042,"02,04,05,14,26,32",14
2024043,"04,06,07,14,15,24",8
2024044,"02,06,17,25,32,33",6
2024045,"02,08,19,23,24,26",3
2024046,"02,06,10,11,17,29",15
2024047,"07,08,21,26,29,30",15
2024048,"02,09,15,19,26,28",2
2024049,"12,15,17,23,26,32",11
2024050,"01,03,07,10,22,33",2
2024051,"05,09,13,20,23,28",6
2024052,"07,10,11,15,17,21",3
2024053,"07,14,21,22,28,33",7
2024054,"08,13,20,25,31,32",3
2024055,"02,04,06,07,16,29",3
2024056,"05,18,20,24,25,26",6
2024057,"03,08,17,18,23,31",8
2024058,"08,12,13,17,27,29",13
2024059,"01,03,14,25,31,33",7
2024060,"01,02,06,10,22,28",15
2024061,"01,09,18,22,25,28",2
2024062,"01,07,10,16,18,27",16
2024063,"07,14,16,23,28,32",4
2024064,"06,08,17,18,28,30",5
2024065,"03,05,09,10,19,22",14
2024066,"08,09,12,22,26,32",13
2024067,"01,11,13,17,25,29",3
2024068,"01,02,07,19,20,21",1
2024069,"06,13,20,21,24,32",6
2024070,"04,13,18,20,22,28",5
2024071,"02,08,19,28,30,31",14
2024072,"01,14,20,21,23,27",6
2024073,"03,09,12,18,28,30",1
2024074,"07,08,10,22,24,32",7
2024075,"03,05,08,18,22,28",1
2024076,"03,22,24,27,29,32",15
2024077,"01,04,06,14,17,22",8
2024078,"05,09,14,21,22,26",12
2024079,"02,03,06,07,16,26",4
2024080,"06,11,12,27,29,30",13
2024081,"01,06,12,17,23,25",4
2024082,"01,02,13,16,17,29",16
2024083,"03,09,14,29,32,33",15
2024084,"01,08,10,13,19,29",13
2024085,"01,05,15,21,23,27",15
2024086,"17,19,20,23,25,31",2
2024087,"03,09,18,19,20,26",11
2024088,"03,08,10,17,30,32",10
2024089,"03,06,09,15,18,31",1
2024090,"07,11,17,24,31,32",12
2024091,"13,15,16,19,20,24",10
2024092,"03,08,11,12,18,29",5
2024093,"01,05,07,11,12,15",12
2024094,"06,13,17,22,25,27",9
2024095,"04,06,09,14,16,21",3
2024096,"02,04,14,18,23,27",13
2024097,"04,10,12,13,18,30",3
2024098,"03,08,10,20,30,31",2
2024099,"04,12,17,24,26,27",16
2024100,"13,14,19,20,27,30",5
2024101,"08,12,15,17,19,30",8
2024102,"09,15,18,21,22,25",1
2024103,"12,21,23,27,32,33",15
2024104,"05,16,23,24,26,29",4
2024105,"02,05,17,19,29,33",4
2024106,"03,08,11,22,31,33",4
2024107,"01,06,08,13,17,19",9
2024108,"01,08,09,23,24,30",8
2024109,"03,04,24,28,29,33",9
2024110,"04,13,17,23,25,33",14
2024111,"01,04,11,12,22,30",16
2024112,"08,11,16,25,29,32",3
2024113,"04,05,23,24,26,31",11
2024114,"07,11,18,24,27,32",4
2024115,"03,10,11,19,27,28",7
2024116,"01,15,20,22,31,32",3
2024117,"03,12,14,16,29,32",12
2024118,"02,03,04,06,11,15",14
2024119,"02,09,26,27,31,32",14
2024120,"01,05,07,11,18,19",7
2024121,"01,07,10,13,27,33",3
2024122,"05,07,09,16,17,29",15
2024123,"02,15,22,26,30,33",4
2024124,"02,14,15,17,25,30",11
2024125,"01,04,13,18,26,30",3
2024126,"14,18,23,24,26,33",10
2024127,"02,05,13,20,27,32",10
2024128,"01,08,13,18,20,26",16
2024129,"09,10,13,19,24,32",1
2024130,"01,08,12,17,19,24",16
2024131,"04,05,11,15,20,32",13
2024132,"01,04,25,27,28,33",3
2024133,"01,11,15,27,30,33",1
2024134,"02,04,13,16,18,20",16
2024135,"05,11,17,18,30,31",13
2024136,"03,11,15,21,25,26",3
2024137,"04,09,10,19,26,27",12
2024138,"02,07,11,21,27,28",2
2024139,"15,16,20,22,23,29",14
2024140,"04,07,08,17,22,26",15
2024141,"01,02,07,15,24,29",12
2024142,"04,06,13,21,22,25",6
2024143,"02,05,11,22,30,33",10
2024144,"02,09,11,17,20,30",11
2024145,"01,03,16,22,23,30",3
2024146,"02,04,11,22,27,32",10
2024147,"05,11,13,16,21,30",10
2024148,"02,06,15,16,21,23",11
2024149,"03,09,16,17,18,22",16
2024150,"13,14,20,22,26,32",2
2024151,"05,10,16,19,29,32",4
2025001,"02,03,17,18,22,33",16
2025002,"09,12,13,15,22,26",11
2025003,"10,19,20,26,28,29",15
2025004,"03,07,17,27,29,32",4
2025005,"10,16,19,27,28,30",9
2025006,"01,07,08,17,20,22",6
2025007,"07,08,14,18,21,27",11
2025008,"09,14,16,17,25,33",11
2025009,"02,04,11,12,23,25",6
2025010,"04,06,07,16,17,21",8
2025011,"06,13,17,22,24,29",11
2025012,"07,11,13,18,27,31",11
2025013,"04,14,16,23,24,30",14
2025014,"06,07,09,13,21,27",5
2025015,"04,11,15,24,25,33",15
2025016,"02,03,12,16,20,29",14
2025017,"04,12,15,18,28,29",5
2025018,"03,09,18,21,28,29",11
2025019,"05,13,17,18,22,23",11
2025020,"04,11,13,16,26,30",15
2025021,"07,08,16,18,25,32",14
2025022,"11,17,18,20,28,30",10
2025023,"09,12,13,24,25,33",7
2025024,"10,11,22,27,30,32",15
2025025,"12,15,21,23,25,30",2
2025026,"09,10,12,14,19,32",7
2025027,"05,07,08,15,16,23",6
2025028,"04,09,14,15,18,25",15
2025029,"05,15,16,25,30,33",16
2025030,"04,06,07,30,31,33",6
2025031,"01,05,06,08,23,28",1
2025032,"03,08,10,14,16,21",3
2025033,"03,05,18,25,26,33",8
2025034,"05,08,13,14,24,26",12
2025035,"01,08,16,18,25,31",1
2025036,"05,11,13,16,19,32",07
2025037,"03,06,11,20,21,31",02
2025038,"06,19,20,23,26,33",09
2025039,"08,10,12,15,17,23",11
2025040,"02,06,08,09,10,24",11
2025041,"06,10,17,19,25,31",06
2025042,"07,13,19,23,27,33",12
2025043,"03,12,16,19,20,32",13
2025044,"02,03,07,08,14,28",11
2025045,"02,14,19,24,29,33",13
2025046,"02,03,10,16,29,33",01
2025047,"01,14,21,22,23,31",12
2025048,"16,21,22,23,27,31",10
2025049,"03,06,19,27,29,33",11
2025050,"09,12,15,18,22,33",16
2025051,"01,02,03,04,17,22",01
2025052,"06,07,10,17,20,26",09
